﻿<parameters>
  <parameter name="IIS Web Application Name" defaultValue="Default Web Site/JojoscarMVC_deploy" tags="IisApp">
    <parameterEntry kind="ProviderPath" scope="IisApp" match="^D:\\TFS\\NewJojoscar\\JojoscarMVC\\obj\\Release\\Package\\PackageTmp$" />
    <parameterEntry kind="ProviderPath" scope="setAcl" match="^D:\\TFS\\NewJojoscar\\JojoscarMVC\\obj\\Release\\Package\\PackageTmp$" />
  </parameter>
  <parameter name="Jojoscar2003-Web.config Connection String" defaultValue="Data Source=DESKTOP-E9OMQBE\SQLEXPRESS;Initial Catalog=Jojoscar2003;Integrated Security=True;Connect Timeout=30">
    <parameterEntry kind="XmlFile" scope="D:\\TFS\\NewJojoscar\\JojoscarMVC\\obj\\Release\\Package\\PackageTmp\\Web\.config$" match="/configuration/connectionStrings/add[@name='Jojoscar2003']/@connectionString" />
  </parameter>
  <parameter name="Jojoscar2004-Web.config Connection String" defaultValue="Data Source=DESKTOP-E9OMQBE\SQLEXPRESS;Initial Catalog=Jojoscar2004;Integrated Security=True;Connect Timeout=30">
    <parameterEntry kind="XmlFile" scope="D:\\TFS\\NewJojoscar\\JojoscarMVC\\obj\\Release\\Package\\PackageTmp\\Web\.config$" match="/configuration/connectionStrings/add[@name='Jojoscar2004']/@connectionString" />
  </parameter>
  <parameter name="Jojoscar2005-Web.config Connection String" defaultValue="Data Source=DESKTOP-E9OMQBE\SQLEXPRESS;Initial Catalog=Jojoscar2005;Integrated Security=True;Connect Timeout=30">
    <parameterEntry kind="XmlFile" scope="D:\\TFS\\NewJojoscar\\JojoscarMVC\\obj\\Release\\Package\\PackageTmp\\Web\.config$" match="/configuration/connectionStrings/add[@name='Jojoscar2005']/@connectionString" />
  </parameter>
  <parameter name="Jojoscar2006-Web.config Connection String" defaultValue="Data Source=DESKTOP-E9OMQBE\SQLEXPRESS;Initial Catalog=Jojoscar2006;Integrated Security=True;Connect Timeout=30">
    <parameterEntry kind="XmlFile" scope="D:\\TFS\\NewJojoscar\\JojoscarMVC\\obj\\Release\\Package\\PackageTmp\\Web\.config$" match="/configuration/connectionStrings/add[@name='Jojoscar2006']/@connectionString" />
  </parameter>
  <parameter name="Jojoscar2007-Web.config Connection String" defaultValue="Data Source=DESKTOP-E9OMQBE\SQLEXPRESS;Initial Catalog=Jojoscar2007;Integrated Security=True;Connect Timeout=30">
    <parameterEntry kind="XmlFile" scope="D:\\TFS\\NewJojoscar\\JojoscarMVC\\obj\\Release\\Package\\PackageTmp\\Web\.config$" match="/configuration/connectionStrings/add[@name='Jojoscar2007']/@connectionString" />
  </parameter>
  <parameter name="Jojoscar2008-Web.config Connection String" defaultValue="Data Source=DESKTOP-E9OMQBE\SQLEXPRESS;Initial Catalog=Jojoscar2008;Integrated Security=True;Connect Timeout=30">
    <parameterEntry kind="XmlFile" scope="D:\\TFS\\NewJojoscar\\JojoscarMVC\\obj\\Release\\Package\\PackageTmp\\Web\.config$" match="/configuration/connectionStrings/add[@name='Jojoscar2008']/@connectionString" />
  </parameter>
  <parameter name="Jojoscar2009-Web.config Connection String" defaultValue="Data Source=DESKTOP-E9OMQBE\SQLEXPRESS;Initial Catalog=Jojoscar2009;Integrated Security=True;Connect Timeout=30">
    <parameterEntry kind="XmlFile" scope="D:\\TFS\\NewJojoscar\\JojoscarMVC\\obj\\Release\\Package\\PackageTmp\\Web\.config$" match="/configuration/connectionStrings/add[@name='Jojoscar2009']/@connectionString" />
  </parameter>
  <parameter name="Jojoscar2010-Web.config Connection String" defaultValue="Data Source=DESKTOP-E9OMQBE\SQLEXPRESS;Initial Catalog=Jojoscar2010;Integrated Security=True;Connect Timeout=30">
    <parameterEntry kind="XmlFile" scope="D:\\TFS\\NewJojoscar\\JojoscarMVC\\obj\\Release\\Package\\PackageTmp\\Web\.config$" match="/configuration/connectionStrings/add[@name='Jojoscar2010']/@connectionString" />
  </parameter>
  <parameter name="Jojoscar2011-Web.config Connection String" defaultValue="Data Source=DESKTOP-E9OMQBE\SQLEXPRESS;Initial Catalog=Jojoscar2011;Integrated Security=True;Connect Timeout=30">
    <parameterEntry kind="XmlFile" scope="D:\\TFS\\NewJojoscar\\JojoscarMVC\\obj\\Release\\Package\\PackageTmp\\Web\.config$" match="/configuration/connectionStrings/add[@name='Jojoscar2011']/@connectionString" />
  </parameter>
  <parameter name="Jojoscar2012-Web.config Connection String" defaultValue="Data Source=DESKTOP-E9OMQBE\SQLEXPRESS;Initial Catalog=Jojoscar2012;Integrated Security=True;Connect Timeout=30">
    <parameterEntry kind="XmlFile" scope="D:\\TFS\\NewJojoscar\\JojoscarMVC\\obj\\Release\\Package\\PackageTmp\\Web\.config$" match="/configuration/connectionStrings/add[@name='Jojoscar2012']/@connectionString" />
  </parameter>
  <parameter name="Jojoscar2013-Web.config Connection String" defaultValue="Data Source=DESKTOP-E9OMQBE\SQLEXPRESS;Initial Catalog=Jojoscar2013;Integrated Security=True;Connect Timeout=30">
    <parameterEntry kind="XmlFile" scope="D:\\TFS\\NewJojoscar\\JojoscarMVC\\obj\\Release\\Package\\PackageTmp\\Web\.config$" match="/configuration/connectionStrings/add[@name='Jojoscar2013']/@connectionString" />
  </parameter>
  <parameter name="Jojoscar2014-Web.config Connection String" defaultValue="Data Source=DESKTOP-E9OMQBE\SQLEXPRESS;Initial Catalog=Jojoscar2014;Integrated Security=True;Connect Timeout=30">
    <parameterEntry kind="XmlFile" scope="D:\\TFS\\NewJojoscar\\JojoscarMVC\\obj\\Release\\Package\\PackageTmp\\Web\.config$" match="/configuration/connectionStrings/add[@name='Jojoscar2014']/@connectionString" />
  </parameter>
  <parameter name="Jojoscar2015-Web.config Connection String" defaultValue="Data Source=DESKTOP-E9OMQBE\SQLEXPRESS;Initial Catalog=Jojoscar2015;Integrated Security=True;Connect Timeout=30">
    <parameterEntry kind="XmlFile" scope="D:\\TFS\\NewJojoscar\\JojoscarMVC\\obj\\Release\\Package\\PackageTmp\\Web\.config$" match="/configuration/connectionStrings/add[@name='Jojoscar2015']/@connectionString" />
  </parameter>
  <parameter name="Jojoscar2016-Web.config Connection String" defaultValue="Data Source=DESKTOP-E9OMQBE\SQLEXPRESS;Initial Catalog=Jojoscar2016;Integrated Security=True;Connect Timeout=30">
    <parameterEntry kind="XmlFile" scope="D:\\TFS\\NewJojoscar\\JojoscarMVC\\obj\\Release\\Package\\PackageTmp\\Web\.config$" match="/configuration/connectionStrings/add[@name='Jojoscar2016']/@connectionString" />
  </parameter>
</parameters>